
-- create
CREATE TABLE DEPOSIT (
  ACTNO NUMBER(5) PRIMARY KEY,
  CNAME VARCHAR2(15) NOT NULL,
  BNAME VARCHAR2(10) NOT NULL,
  AMOUNT number(9,2),
  ADATE DATE
);
CREATE TABLE CUSTOMERS (
  CNAME VARCHAR2(15) NOT NULL,
  CITY VARCHAR2(15) NOT NULL
);
CREATE TABLE BRANCH (
  BNAME VARCHAR2(15) NOT NULL,
  CITY VARCHAR2(15) NOT NULL
);
CREATE TABLE BORROW (
  LOANNO VARCHAR2(5) NOT NULL,
  CNAME VARCHAR2(15) NOT NULL,
  BNAME VARCHAR2(15)NOT NULL,
  AMOUNT NUMBER(9,2)NOT NULL
);



INSERT INTO DEPOSIT VALUES (100, 'ANIL', 'VRCE', 1000.00, TO_DATE('01-03-1995','DD-MM-YYYY'));
INSERT INTO DEPOSIT VALUES (101, 'SUNIL', 'AJNI', 5000.00, TO_DATE('04-01-1996','DD-MM-YYYY'));
INSERT INTO DEPOSIT VALUES (102, 'MEHUL', 'KAROLBAGH', 3500.00, TO_DATE('17-11-1995','DD-MM-YYYY'));
INSERT INTO DEPOSIT VALUES (104, 'MADHURI', 'CHANDI', 1200.00, TO_DATE('17-12-1995','DD-MM-YYYY'));
INSERT INTO DEPOSIT VALUES (105, 'PRMOD', 'M G ROAD', 3000.00, TO_DATE('27-03-1996','DD-MM-YYYY'));
INSERT INTO DEPOSIT VALUES (106, 'SANDIP', 'ANDHERI', 2000.00, TO_DATE('31-03-1996','DD-MM-YYYY'));
INSERT INTO DEPOSIT VALUES (107, 'SHIVANI', 'VIRAR', 1000.00, TO_DATE('05-09-1995','DD-MM-YYYY'));
INSERT INTO DEPOSIT VALUES (108, 'KRANTI', 'NEHRUPLACE', 5000.00, TO_DATE('02-07-1995','DD-MM-YYYY'));
INSERT INTO DEPOSIT VALUES (109, 'MINU', 'POWAI', 7000.00, TO_DATE('10-02-1995','DD-MM-YYYY'));


INSERT INTO BRANCH(BNAME,CITY) VALUES 
        ('VRCE','NAGPUR'),
        ('AJNI','NAGPUR'),
        ('KAROLBAGH','DELHI'),
        ('CHANDI','DELHI'),
        ('DHARAMPETH','NAGPUR'),
        ('M G ROAD','BANGLORE'),
        ('ANDHERI','BOMBAY'),
        ('VIRAR','BOMBAY');


INSERT INTO customers(CNAME,CITY) VALUES 
        ('ANIL','CALCUTTA'),
        ('SUNIL','DELHI'),
        ('MEHUL','BARODA'),
        ('MANDAR','PATNA'),
        ('MADHURI','NAGPUR'),
        ('PRAMOD','NAGPUR'),
        ('SANDIP','SURAT'),
        ('SHIVANI','BOMBAY');

INSERT INTO BORROW(LOANNO,CNAME,BNAME,AMOUNT)VALUES
        (201,'ANIL','VRCE',1000.00),
        (206,'MEHUL','AJNI',5000.00),
        (311,'SUNIL','DHARAMPETH',3000.00),
        (321,'MADHURI','ANDHERI',2000.00),
        (375,'PRAMOD','VIRAR',8000.00),
        (481,'KRANTI','NEHRUPLACE',3000.00),
        (201,'ANIL','VRCE',1000.00),
        (206,'MEHUL','AJNI',5000.00),
        (311,'SUNIL','DHARAMPETH',3000.00),
        (321,'MADHURI','ANDHERI',2000.00);
        

SELECT * FROM DEPOSIT;
SELECT * FROM BORROW;
SELECT * FROM CUSTOMERS;
SELECT * FROM BRANCH;

SELECT BNAME,AMOUNT FROM DEPOSIT;
DESC BORROW; 
DESC CUSTOMERS;
SELECT *FROM DEPOSIT;
SELECT* FROM BORROW;
SELECT *FROM CUSTOMERS;
SELECT*FROM BRANCH;
SELECT ACTNO,AMOUNT FROM DEPOSIT;
SELECT CNAME FROM DEPOSIT WHERE AMOUNT>4000;
SELECT CNAME FROM DEPOSIT WHERE ADATE>'17-NOV-95';
SELECT CNAME FROM CUSTOMERS WHERE CITY='BOMBAY';



